{
  "timestamp": "20250612_044103",
  "cases_tested": [
    "case1_bonus0",
    "case2_bonus0",
    "case3_bonus0",
    "case4_bonus0"
  ],
  "best_seeds": {
    "case1_bonus01": 42,
    "case2_bonus01": 45,
    "case3_bonus01": 43,
    "case4_bonus01": 43,
    "case1_bonus0": 44,
    "case2_bonus0": 46,
    "case3_bonus0": 42,
    "case4_bonus0": 43,
    "case1_bonus05": 45,
    "case2_bonus05": 42,
    "case3_bonus05": 42,
    "case4_bonus05": 42,
    "case1_bonus10": 45,
    "case2_bonus10": 45,
    "case3_bonus10": 46,
    "case4_bonus10": 42
  },
  "simulator_types": [
    "everyone",
    "centralized",
    "decentralized"
  ],
  "episodes_per_case": 15,
  "max_steps_per_episode": null,
  "total_episodes": 180,
  "system_info": {
    "cpu_cores": 96,
    "cpu_freq": 1.8260362916666666,
    "memory_total_gb": 755.5867309570312,
    "memory_available_gb": 708.3099555969238,
    "platform": "Linux-5.15.0-140-generic-x86_64-with-glibc2.39",
    "python_version": "3.12.3"
  },
  "checkpoint_paths": {
    "case1_bonus0": "/workspace/checkpoints_case1_bonus0_5172254/everyone/best_case1_seed44_sim_everyone.ckpt",
    "case2_bonus0": "/workspace/checkpoints_case2_bonus0_5172257/everyone/best_case2_seed46_sim_everyone.ckpt",
    "case3_bonus0": "/workspace/checkpoints_case3_bonus0_5172260/everyone/best_case3_seed42_sim_everyone.ckpt",
    "case4_bonus0": "/workspace/checkpoints_case4_bonus0_5172263/everyone/best_case4_seed43_sim_everyone.ckpt"
  },
  "include_baselines": false
}