{
  "timestamp": "20250613_014220",
  "policies_tested": [
    "RuleBased",
    "MIP"
  ],
  "simulator_types_tested": [
    "centralized",
    "decentralized",
    "everyone"
  ],
  "episodes_per_policy_per_simulator": 15,
  "max_steps_per_episode": null,
  "total_episodes": 90,
  "system_info": {
    "cpu_cores": 96,
    "cpu_freq": 1.75729809375,
    "memory_total_gb": 755.5867080688477,
    "memory_available_gb": 683.576358795166,
    "platform": "Linux-5.15.0-140-generic-x86_64-with-glibc2.39",
    "python_version": "3.12.3"
  },
  "base_env_config": {
    "num_observers": 20,
    "num_targets": 100,
    "time_step": 1,
    "duration": 86400,
    "seed": 47,
    "reward_type": "case1"
  }
}