{
  "timestamp": "20250625_050100",
  "cases_tested": [
    "case1_bonus20",
    "case2_bonus20",
    "case3_bonus20",
    "case4_bonus20"
  ],
  "best_seeds": {
    "case1_bonus01": 42,
    "case2_bonus01": 45,
    "case3_bonus01": 43,
    "case4_bonus01": 43,
    "case1_bonus0": 44,
    "case2_bonus0": 46,
    "case3_bonus0": 42,
    "case4_bonus0": 43,
    "case1_bonus05": 45,
    "case2_bonus05": 42,
    "case3_bonus05": 42,
    "case4_bonus05": 42,
    "case1_bonus10": 45,
    "case2_bonus10": 45,
    "case3_bonus10": 46,
    "case4_bonus10": 42,
    "case1_bonus20": 45,
    "case2_bonus20": 45,
    "case3_bonus20": 42,
    "case4_bonus20": 42,
    "case1_bonus50": 43,
    "case2_bonus50": 45,
    "case3_bonus50": 43,
    "case4_bonus50": 43
  },
  "simulator_types": [
    "everyone",
    "centralized",
    "decentralized"
  ],
  "episodes_per_case": 15,
  "max_steps_per_episode": null,
  "total_episodes": 180,
  "system_info": {
    "cpu_cores": 96,
    "cpu_freq": 2.2854132083333334,
    "memory_total_gb": 755.5867233276367,
    "memory_available_gb": 698.6474342346191,
    "platform": "Linux-5.15.0-140-generic-x86_64-with-glibc2.39",
    "python_version": "3.12.3"
  },
  "checkpoint_paths": {
    "case1_bonus20": "/workspace/checkpoints_case1_bonus20_5183728/everyone/best_case1_seed45_sim_everyone.ckpt",
    "case2_bonus20": "/workspace/checkpoints_case2_bonus20_5183729/everyone/best_case2_seed45_sim_everyone.ckpt",
    "case3_bonus20": "/workspace/checkpoints_case3_bonus20_5183730/everyone/best_case3_seed42_sim_everyone.ckpt",
    "case4_bonus20": "/workspace/checkpoints_case4_bonus20_5183731/everyone/best_case4_seed42_sim_everyone.ckpt"
  },
  "include_baselines": false
}